-- phpMyAdmin SQL Dump
-- version 5.2.1
-- https://www.phpmyadmin.net/
--
-- Servidor: 127.0.0.1
-- Tiempo de generaci贸n: 05-08-2025 a las 17:56:25
-- Versi贸n del servidor: 10.4.32-MariaDB
-- Versi贸n de PHP: 8.2.12

SET SQL_MODE = "NO_AUTO_VALUE_ON_ZERO";
START TRANSACTION;
SET time_zone = "+00:00";


/*!40101 SET @OLD_CHARACTER_SET_CLIENT=@@CHARACTER_SET_CLIENT */;
/*!40101 SET @OLD_CHARACTER_SET_RESULTS=@@CHARACTER_SET_RESULTS */;
/*!40101 SET @OLD_COLLATION_CONNECTION=@@COLLATION_CONNECTION */;
/*!40101 SET NAMES utf8mb4 */;

--
-- Base de datos: `dragon`
--

-- --------------------------------------------------------

--
-- Estructura de tabla para la tabla `cards`
--

CREATE TABLE `cards` (
  `id` int(11) NOT NULL,
  `name` varchar(100) NOT NULL,
  `altura_mts` decimal(3,2) NOT NULL,
  `tecnica` decimal(5,3) NOT NULL,
  `fuerza` int(11) NOT NULL,
  `peleas_ganadas` int(11) NOT NULL,
  `velocidad_percent` int(11) NOT NULL,
  `ki` int(11) NOT NULL,
  `image_url` varchar(255) DEFAULT NULL
) ENGINE=InnoDB DEFAULT CHARSET=utf8mb4 COLLATE=utf8mb4_general_ci;

--
-- Volcado de datos para la tabla `cards`
--

INSERT INTO `cards` (`id`, `name`, `altura_mts`, `tecnica`, `fuerza`, `peleas_ganadas`, `velocidad_percent`, `ki`, `image_url`) VALUES
(1, 'Goku', 1.75, 9.500, 95, 87, 92, 98, '/BootcampPHP/assets/images/cards/goku.jpg'),
(2, 'Vegeta', 1.64, 9.200, 92, 78, 90, 95, '/BootcampPHP/assets/images/cards/vegeta.jpg'),
(3, 'Gohan', 1.76, 8.800, 88, 45, 85, 92, '/BootcampPHP/assets/images/cards/gohan.jpg'),
(4, 'Goten', 1.23, 7.500, 75, 32, 88, 85, '/BootcampPHP/assets/images/cards/goten.jpg'),
(5, 'Trunks', 1.29, 7.800, 78, 35, 90, 87, '/BootcampPHP/assets/images/cards/trunks.jpg'),
(6, 'Future Trunks', 1.70, 8.500, 85, 52, 88, 89, '/BootcampPHP/assets/images/cards/future_trunks.jpg'),
(7, 'Bardock', 1.78, 8.200, 82, 89, 85, 86, '/BootcampPHP/assets/images/cards/bardock.jpg'),
(8, 'Raditz', 1.85, 6.800, 78, 25, 82, 75, '/BootcampPHP/assets/images/cards/raditz.jpg'),
(9, 'Nappa', 2.02, 6.500, 88, 67, 65, 72, '/BootcampPHP/assets/images/cards/nappa.jpg'),
(10, 'Broly', 2.30, 7.200, 98, 45, 75, 96, '/BootcampPHP/assets/images/cards/broly.jpg'),
(11, 'Piccolo', 2.26, 9.000, 85, 68, 80, 88, '/images/cards/piccolo.jpg'),
(12, 'Krillin', 1.53, 8.500, 65, 48, 85, 70, '/images/cards/krillin.jpg'),
(13, 'Yamcha', 1.83, 7.200, 58, 35, 78, 52, '/images/cards/yamcha.jpg'),
(14, 'Tien', 1.87, 8.800, 72, 42, 82, 68, '/images/cards/tien.jpg'),
(15, 'Chiaotzu', 1.38, 6.500, 35, 15, 75, 45, '/images/cards/chiaotzu.jpg'),
(16, 'Master Roshi', 1.65, 9.200, 65, 78, 70, 75, '/images/cards/master_roshi.jpg'),
(17, 'Yajirobe', 1.65, 5.500, 45, 12, 40, 25, '/images/cards/yajirobe.jpg'),
(18, 'Android 16', 2.00, 7.800, 90, 15, 75, 85, '/images/cards/android_16.jpg'),
(19, 'Android 17', 1.69, 8.200, 82, 38, 88, 88, '/images/cards/android_17.jpg'),
(20, 'Android 18', 1.69, 8.000, 78, 42, 85, 85, '/images/cards/android_18.jpg'),
(21, 'Cell', 2.13, 9.800, 95, 28, 92, 96, '/images/cards/cell.jpg'),
(22, 'Cell Jr', 1.32, 8.500, 75, 8, 90, 80, '/images/cards/cell_jr.jpg'),
(23, 'Frieza', 1.58, 9.500, 92, 85, 88, 94, '/images/cards/frieza.jpg'),
(24, 'Majin Buu', 1.69, 7.500, 88, 45, 70, 92, '/images/cards/majin_buu.jpg'),
(25, 'Kid Buu', 1.45, 8.200, 85, 12, 95, 95, '/images/cards/kid_buu.jpg'),
(26, 'Super Buu', 2.44, 8.800, 90, 25, 88, 94, '/images/cards/super_buu.jpg'),
(27, 'Dabura', 2.13, 8.500, 82, 35, 78, 85, '/images/cards/dabura.jpg'),
(28, 'Saibaman', 1.20, 4.500, 45, 5, 65, 35, '/images/cards/saibaman.jpg'),
(29, 'Guldo', 1.19, 6.200, 35, 8, 45, 42, '/images/cards/guldo.jpg'),
(30, 'Recoome', 2.41, 6.800, 85, 22, 60, 65, '/images/cards/recoome.jpg'),
(31, 'Burter', 2.24, 7.200, 72, 18, 95, 68, '/images/cards/burter.jpg'),
(32, 'Jeice', 1.98, 7.000, 68, 15, 88, 65, '/images/cards/jeice.jpg'),
(33, 'Captain Ginyu', 1.87, 8.200, 78, 45, 82, 78, '/images/cards/captain_ginyu.jpg'),
(34, 'Bulma', 1.65, 9.800, 15, 0, 55, 8, '/images/cards/bulma.jpg'),
(35, 'Chi-Chi', 1.63, 7.500, 52, 25, 70, 45, '/images/cards/chi_chi.jpg'),
(36, 'Videl', 1.57, 7.800, 48, 35, 75, 42, '/images/cards/videl.jpg'),
(37, 'Mr. Satan', 1.88, 6.200, 55, 89, 65, 35, '/images/cards/mr_satan.jpg'),
(38, 'Ox-King', 3.50, 5.800, 78, 45, 35, 52, '/images/cards/ox_king.jpg'),
(39, 'Beerus', 1.75, 9.900, 99, 95, 95, 99, '/images/cards/beerus.jpg'),
(40, 'Whis', 1.79, 9.990, 99, 98, 98, 99, '/images/cards/whis.jpg'),
(41, 'King Kai', 1.03, 8.500, 25, 15, 45, 88, '/images/cards/king_kai.jpg'),
(42, 'Kami', 2.26, 9.200, 65, 35, 70, 85, '/images/cards/kami.jpg'),
(43, 'Mr. Popo', 1.75, 8.800, 72, 85, 75, 82, '/images/cards/mr_popo.jpg'),
(44, 'Cooler', 2.13, 9.200, 88, 42, 85, 90, '/images/cards/cooler.jpg'),
(45, 'Janemba', 1.95, 8.800, 92, 15, 88, 94, '/images/cards/janemba.jpg'),
(46, 'Garlic Jr', 1.07, 7.500, 65, 18, 72, 75, '/images/cards/garlic_jr.jpg'),
(47, 'Turles', 1.78, 8.000, 82, 35, 88, 85, '/images/cards/turles.jpg'),
(48, 'Lord Slug', 2.44, 7.800, 85, 45, 70, 82, '/images/cards/lord_slug.jpg'),
(49, 'Babidi', 1.22, 8.500, 25, 12, 55, 88, '/images/cards/babidi.jpg'),
(50, 'Spopovich', 2.13, 5.500, 78, 25, 65, 42, '/images/cards/spopovich.jpg'),
(51, 'Yamu', 1.83, 5.200, 72, 22, 68, 38, '/images/cards/yamu.jpg'),
(52, 'General Blue', 1.80, 7.800, 68, 35, 82, 65, '/images/cards/general_blue.jpg'),
(53, 'Colonel Silver', 1.75, 6.500, 55, 28, 75, 45, '/images/cards/colonel_silver.jpg'),
(54, 'Tambourine', 1.65, 7.200, 65, 18, 85, 62, '/images/cards/tambourine.jpg'),
(55, 'Cymbal', 1.70, 6.800, 62, 15, 82, 58, '/images/cards/cymbal.jpg'),
(56, 'Drum', 2.44, 7.500, 78, 22, 75, 68, '/images/cards/drum.jpg'),
(57, 'King Piccolo', 2.50, 8.800, 82, 65, 78, 88, '/images/cards/king_piccolo.jpg'),
(58, 'Shenron', 9.99, 9.500, 88, 85, 70, 95, '/images/cards/shenron.jpg'),
(59, 'Porunga', 9.99, 9.200, 85, 78, 65, 92, '/images/cards/porunga.jpg');

-- --------------------------------------------------------

--
-- Estructura de tabla para la tabla `game_rooms`
--

CREATE TABLE `game_rooms` (
  `id` int(11) NOT NULL,
  `max_players` int(11) DEFAULT 7,
  `current_players` int(11) DEFAULT 0,
  `status` enum('waiting','voting','playing','finished') DEFAULT 'waiting',
  `selected_map_id` int(11) DEFAULT NULL,
  `current_round` int(11) DEFAULT 0,
  `current_attribute` int(11) DEFAULT 0,
  `current_turn` int(11) DEFAULT 0,
  `created_at` timestamp NOT NULL DEFAULT current_timestamp(),
  `started_at` timestamp NULL DEFAULT NULL,
  `room_code` varchar(10) NOT NULL DEFAULT ''
) ENGINE=InnoDB DEFAULT CHARSET=utf8mb4 COLLATE=utf8mb4_general_ci;

--
-- Volcado de datos para la tabla `game_rooms`
--

INSERT INTO `game_rooms` (`id`, `max_players`, `current_players`, `status`, `selected_map_id`, `current_round`, `current_attribute`, `current_turn`, `created_at`, `started_at`, `room_code`) VALUES
(4, 7, 7, 'waiting', NULL, 0, 0, 0, '2025-08-04 04:34:07', NULL, 'D2MSC0'),
(5, 7, 7, 'waiting', NULL, 0, 0, 0, '2025-08-04 04:34:19', NULL, 'QQ955H'),
(6, 7, 7, 'waiting', NULL, 0, 0, 0, '2025-08-04 04:34:20', NULL, '6A9BDB'),
(7, 7, 7, 'waiting', NULL, 0, 0, 0, '2025-08-04 04:34:48', NULL, '4L8MMF'),
(8, 7, 7, 'waiting', NULL, 0, 0, 0, '2025-08-04 04:36:24', NULL, 'IHC3Q2'),
(9, 7, 7, 'waiting', NULL, 0, 0, 0, '2025-08-04 04:38:03', NULL, 'T4D8PV'),
(10, 7, 7, 'waiting', NULL, 0, 0, 0, '2025-08-04 04:39:20', NULL, 'M0E602'),
(11, 7, 0, 'waiting', NULL, 0, 0, 0, '2025-08-04 04:42:43', NULL, 'CA1HKA'),
(12, 7, 0, 'waiting', NULL, 0, 0, 0, '2025-08-04 04:42:57', NULL, '23CM14'),
(13, 7, 0, 'waiting', NULL, 0, 0, 0, '2025-08-04 04:49:51', NULL, 'KD5XPK'),
(14, 7, 0, 'waiting', NULL, 0, 0, 0, '2025-08-04 04:49:52', NULL, '91NDL5'),
(15, 7, 0, 'waiting', NULL, 0, 0, 0, '2025-08-04 04:51:01', NULL, '3CQC2Y'),
(16, 7, 0, 'waiting', NULL, 0, 0, 0, '2025-08-04 04:51:02', NULL, 'IFJ1DQ'),
(17, 7, 0, 'waiting', NULL, 0, 0, 0, '2025-08-04 04:51:03', NULL, '51R1FT'),
(18, 7, 0, 'waiting', NULL, 0, 0, 0, '2025-08-04 04:51:18', NULL, 'QDMUXM'),
(19, 7, 0, 'waiting', NULL, 0, 0, 0, '2025-08-04 04:54:44', NULL, 'R8CG6W'),
(20, 7, 0, 'waiting', NULL, 0, 0, 0, '2025-08-04 05:01:25', NULL, '6BX03V'),
(21, 7, 7, 'waiting', NULL, 0, 0, 0, '2025-08-04 05:03:39', NULL, 'RZI0AP'),
(22, 7, 7, 'waiting', NULL, 0, 0, 0, '2025-08-04 05:03:49', NULL, '4I6THV'),
(23, 7, 7, 'waiting', NULL, 0, 0, 0, '2025-08-04 05:12:32', NULL, 'NVO15Q'),
(24, 7, 7, 'waiting', NULL, 0, 0, 0, '2025-08-04 05:30:07', NULL, 'A8M7LA'),
(25, 7, 7, 'waiting', NULL, 0, 0, 0, '2025-08-04 12:31:52', NULL, 'MNU61Y'),
(26, 7, 7, 'waiting', NULL, 0, 0, 0, '2025-08-04 12:31:54', NULL, '6MMN5B'),
(27, 7, 7, 'waiting', 1, 0, 0, 0, '2025-08-04 12:36:09', NULL, 'S9FNOT'),
(28, 7, 7, 'waiting', 1, 0, 0, 0, '2025-08-04 12:36:20', NULL, 'JXW2NP'),
(29, 7, 7, 'waiting', 1, 0, 0, 0, '2025-08-04 12:42:12', NULL, 'HSJVFY'),
(30, 7, 7, 'waiting', NULL, 0, 0, 0, '2025-08-04 12:53:17', NULL, 'ESHCS4'),
(31, 7, 7, 'waiting', NULL, 0, 0, 0, '2025-08-04 13:03:11', NULL, 'H4O3H2'),
(32, 7, 7, 'waiting', NULL, 0, 0, 0, '2025-08-04 13:03:41', NULL, 'YQ0WGA'),
(33, 7, 7, 'waiting', NULL, 0, 0, 0, '2025-08-04 13:05:07', NULL, '037FR7'),
(34, 7, 7, 'waiting', NULL, 0, 0, 0, '2025-08-04 13:05:23', NULL, 'N2N8PY'),
(35, 2, 2, 'waiting', NULL, 0, 0, 0, '2025-08-04 13:06:16', NULL, 'ISQJKU'),
(36, 7, 7, 'waiting', NULL, 0, 0, 0, '2025-08-04 13:22:54', NULL, '58JUWZ'),
(37, 2, 2, 'waiting', NULL, 0, 0, 0, '2025-08-04 13:23:15', NULL, '7CR9HK'),
(38, 2, 0, 'waiting', NULL, 0, 0, 0, '2025-08-04 13:29:31', NULL, 'HIH5LG'),
(39, 7, 0, 'waiting', NULL, 0, 0, 0, '2025-08-04 13:33:19', NULL, 'ELIPXB'),
(40, 2, 0, 'waiting', NULL, 0, 0, 0, '2025-08-04 13:37:58', NULL, 'Z6OJBZ'),
(41, 2, 2, 'waiting', NULL, 0, 0, 0, '2025-08-04 13:39:40', NULL, '8FHW7Z'),
(42, 7, 7, 'waiting', NULL, 0, 0, 0, '2025-08-04 13:41:26', NULL, 'FNSCY6'),
(43, 2, 2, 'waiting', NULL, 0, 0, 0, '2025-08-04 13:44:19', NULL, 'Y2VD86'),
(44, 2, 2, 'waiting', NULL, 0, 0, 0, '2025-08-04 13:50:03', NULL, 'T5PGAL'),
(45, 2, 2, 'playing', 1, 1, 0, 0, '2025-08-04 14:10:17', '2025-08-04 14:10:17', 'A6PGPH'),
(46, 2, 2, 'playing', 1, 1, 0, 0, '2025-08-04 14:37:30', '2025-08-04 14:37:30', 'JQZR2C'),
(47, 2, 2, 'playing', 1, 1, 0, 0, '2025-08-04 14:58:21', '2025-08-04 14:58:21', 'JX286B'),
(48, 2, 2, 'playing', 1, 1, 0, 0, '2025-08-04 15:06:47', '2025-08-04 15:06:47', '5QE34J'),
(49, 2, 2, 'playing', 1, 1, 0, 0, '2025-08-04 15:09:07', '2025-08-04 15:09:08', '84NMNN'),
(50, 2, 2, 'playing', 1, 1, 0, 0, '2025-08-04 15:22:45', '2025-08-04 15:22:45', 'VF6C3B'),
(51, 2, 2, 'playing', 1, 2, 0, 1, '2025-08-04 21:22:26', '2025-08-04 21:22:27', 'T5AAXE'),
(52, 7, 7, 'playing', 3, 2, 0, 1, '2025-08-05 13:42:29', '2025-08-05 13:42:29', 'UO9RN9'),
(53, 2, 2, 'playing', 1, 6, 0, 1, '2025-08-05 13:58:39', '2025-08-05 13:58:39', 'X0B74L'),
(54, 7, 7, 'playing', 3, 1, 0, 1, '2025-08-05 14:23:53', '2025-08-05 14:23:53', 'YUTY3I'),
(55, 2, 2, 'playing', 1, 8, 0, 1, '2025-08-05 14:26:38', '2025-08-05 14:26:38', 'AXG1ME'),
(56, 2, 2, 'playing', 3, 8, 0, 1, '2025-08-05 14:29:55', '2025-08-05 14:29:55', '27V4DC'),
(57, 7, 7, 'playing', 1, 1, 0, 5, '2025-08-05 15:35:00', '2025-08-05 15:35:00', '4GVFFH'),
(58, 2, 2, 'playing', 1, 1, 0, 1, '2025-08-05 15:40:52', '2025-08-05 15:40:53', '2Q3KR5'),
(59, 7, 7, 'playing', 1, 2, 0, 1, '2025-08-05 15:53:16', '2025-08-05 15:53:16', 'R53UYJ');

-- --------------------------------------------------------

--
-- Estructura de tabla para la tabla `game_rounds`
--

CREATE TABLE `game_rounds` (
  `id` int(11) NOT NULL,
  `room_id` int(11) NOT NULL,
  `round_number` int(11) NOT NULL,
  `selected_attribute` varchar(50) DEFAULT NULL,
  `winner_player_id` int(11) DEFAULT NULL,
  `created_at` timestamp NOT NULL DEFAULT current_timestamp()
) ENGINE=InnoDB DEFAULT CHARSET=utf8mb4 COLLATE=utf8mb4_general_ci;

--
-- Volcado de datos para la tabla `game_rounds`
--

INSERT INTO `game_rounds` (`id`, `room_id`, `round_number`, `selected_attribute`, `winner_player_id`, `created_at`) VALUES
(1, 45, 1, 'altura_mts', NULL, '2025-08-04 14:10:36'),
(2, 46, 1, 'tecnica', NULL, '2025-08-04 14:37:41'),
(3, 47, 1, 'peleas_ganadas', NULL, '2025-08-04 14:58:24'),
(4, 48, 1, 'velocidad_percent', NULL, '2025-08-04 15:06:50'),
(5, 49, 1, 'tecnica', NULL, '2025-08-04 15:09:20'),
(6, 50, 1, 'velocidad_percent', NULL, '2025-08-04 15:22:48'),
(7, 51, 1, 'peleas_ganadas', 185, '2025-08-04 21:22:30'),
(8, 51, 2, 'tecnica', NULL, '2025-08-04 21:23:00'),
(9, 52, 1, 'peleas_ganadas', 190, '2025-08-05 13:42:32'),
(10, 53, 1, 'ki', 193, '2025-08-05 13:58:45'),
(11, 53, 2, 'fuerza', 193, '2025-08-05 14:01:45'),
(12, 53, 3, 'altura_mts', 194, '2025-08-05 14:01:58'),
(13, 53, 4, 'ki', 193, '2025-08-05 14:03:11'),
(14, 53, 5, 'velocidad_percent', 193, '2025-08-05 14:03:34'),
(15, 53, 6, 'altura_mts', NULL, '2025-08-05 14:04:24'),
(16, 54, 1, 'fuerza', NULL, '2025-08-05 14:23:57'),
(17, 55, 1, 'peleas_ganadas', 203, '2025-08-05 14:26:43'),
(18, 55, 2, 'altura_mts', 203, '2025-08-05 14:27:07'),
(19, 55, 3, 'altura_mts', 203, '2025-08-05 14:27:25'),
(20, 55, 4, 'tecnica', 203, '2025-08-05 14:27:42'),
(21, 55, 5, 'peleas_ganadas', 203, '2025-08-05 14:28:00'),
(22, 55, 6, 'altura_mts', 203, '2025-08-05 14:28:24'),
(23, 55, 7, 'peleas_ganadas', 202, '2025-08-05 14:28:39'),
(24, 56, 1, 'velocidad_percent', 205, '2025-08-05 14:29:58'),
(25, 56, 2, 'velocidad_percent', 205, '2025-08-05 14:30:19'),
(26, 56, 3, 'altura_mts', 205, '2025-08-05 14:30:46'),
(27, 56, 4, 'velocidad_percent', 204, '2025-08-05 14:31:10'),
(28, 56, 5, 'tecnica', 205, '2025-08-05 14:31:31'),
(29, 56, 6, 'velocidad_percent', 205, '2025-08-05 14:31:52'),
(30, 56, 7, 'tecnica', 205, '2025-08-05 14:32:52'),
(31, 56, 8, 'peleas_ganadas', NULL, '2025-08-05 15:23:08'),
(32, 57, 1, 'velocidad_percent', NULL, '2025-08-05 15:35:04'),
(33, 58, 1, 'ki', NULL, '2025-08-05 15:40:56'),
(34, 59, 1, 'peleas_ganadas', 219, '2025-08-05 15:53:21'),
(35, 59, 2, NULL, NULL, '2025-08-05 15:54:48');

-- --------------------------------------------------------

--
-- Estructura de tabla para la tabla `maps`
--

CREATE TABLE `maps` (
  `id` int(11) NOT NULL,
  `name` varchar(100) NOT NULL,
  `description` text DEFAULT NULL,
  `image_url` varchar(255) DEFAULT NULL
) ENGINE=InnoDB DEFAULT CHARSET=utf8mb4 COLLATE=utf8mb4_general_ci;

--
-- Volcado de datos para la tabla `maps`
--

INSERT INTO `maps` (`id`, `name`, `description`, `image_url`) VALUES
(1, 'Planeta Tierra', 'El hogar de Goku y los Guerreros Z', 'https://www.dzoom.org.es/wp-content/uploads/2017/07/seebensee-2384369-810x540.jpg'),
(2, 'Planeta Namek', 'Mundo natal de Piccolo y las Esferas del Drag贸n originales', 'https://th.bing.com/th/id/R.78c2f636ea15b953d91e4487b40c9737?rik=k5j3M1OkUMBLNw&pid=ImgRaw&r=0'),
(3, 'Planeta Vegeta', 'El planeta destruido de la raza Saiyajin', 'https://vignette1.wikia.nocookie.net/dragonball/images/f/fd/Planet_Vegeta.jpg/revision/latest?cb=20120210163407&path-prefix=de');

-- --------------------------------------------------------

--
-- Estructura de tabla para la tabla `player_cards`
--

CREATE TABLE `player_cards` (
  `id` int(11) NOT NULL,
  `room_id` int(11) NOT NULL,
  `player_id` int(11) NOT NULL,
  `card_id` int(11) NOT NULL,
  `is_used` tinyint(1) DEFAULT 0,
  `assigned_at` timestamp NOT NULL DEFAULT current_timestamp()
) ENGINE=InnoDB DEFAULT CHARSET=utf8mb4 COLLATE=utf8mb4_general_ci;

--
-- Volcado de datos para la tabla `player_cards`
--

INSERT INTO `player_cards` (`id`, `room_id`, `player_id`, `card_id`, `is_used`, `assigned_at`) VALUES
(1, 45, 172, 27, 0, '2025-08-04 14:10:17'),
(2, 45, 172, 13, 0, '2025-08-04 14:10:17'),
(3, 45, 172, 55, 0, '2025-08-04 14:10:17'),
(4, 45, 172, 46, 0, '2025-08-04 14:10:17'),
(5, 45, 172, 6, 1, '2025-08-04 14:10:17'),
(6, 45, 172, 36, 0, '2025-08-04 14:10:17'),
(7, 45, 172, 29, 0, '2025-08-04 14:10:17'),
(8, 45, 172, 43, 0, '2025-08-04 14:10:17'),
(9, 45, 173, 48, 0, '2025-08-04 14:10:17'),
(10, 45, 173, 39, 0, '2025-08-04 14:10:17'),
(11, 45, 173, 51, 0, '2025-08-04 14:10:17'),
(12, 45, 173, 32, 0, '2025-08-04 14:10:17'),
(13, 45, 173, 25, 0, '2025-08-04 14:10:17'),
(14, 45, 173, 58, 0, '2025-08-04 14:10:17'),
(15, 45, 173, 28, 0, '2025-08-04 14:10:17'),
(16, 45, 173, 47, 0, '2025-08-04 14:10:17'),
(17, 46, 174, 21, 1, '2025-08-04 14:37:30'),
(18, 46, 174, 26, 0, '2025-08-04 14:37:30'),
(19, 46, 174, 52, 0, '2025-08-04 14:37:30'),
(20, 46, 174, 33, 0, '2025-08-04 14:37:30'),
(21, 46, 174, 25, 0, '2025-08-04 14:37:30'),
(22, 46, 174, 47, 0, '2025-08-04 14:37:30'),
(23, 46, 174, 42, 0, '2025-08-04 14:37:30'),
(24, 46, 174, 18, 0, '2025-08-04 14:37:30'),
(25, 46, 175, 34, 0, '2025-08-04 14:37:30'),
(26, 46, 175, 22, 0, '2025-08-04 14:37:30'),
(27, 46, 175, 20, 0, '2025-08-04 14:37:30'),
(28, 46, 175, 35, 0, '2025-08-04 14:37:30'),
(29, 46, 175, 40, 0, '2025-08-04 14:37:30'),
(30, 46, 175, 41, 0, '2025-08-04 14:37:30'),
(31, 46, 175, 24, 0, '2025-08-04 14:37:30'),
(32, 46, 175, 45, 0, '2025-08-04 14:37:30'),
(33, 47, 176, 52, 0, '2025-08-04 14:58:21'),
(34, 47, 176, 19, 0, '2025-08-04 14:58:21'),
(35, 47, 176, 40, 0, '2025-08-04 14:58:21'),
(36, 47, 176, 21, 0, '2025-08-04 14:58:21'),
(37, 47, 176, 56, 0, '2025-08-04 14:58:21'),
(38, 47, 176, 7, 0, '2025-08-04 14:58:21'),
(39, 47, 176, 51, 0, '2025-08-04 14:58:21'),
(40, 47, 176, 53, 1, '2025-08-04 14:58:21'),
(41, 47, 177, 36, 0, '2025-08-04 14:58:21'),
(42, 47, 177, 3, 0, '2025-08-04 14:58:21'),
(43, 47, 177, 47, 0, '2025-08-04 14:58:21'),
(44, 47, 177, 30, 0, '2025-08-04 14:58:21'),
(45, 47, 177, 15, 0, '2025-08-04 14:58:21'),
(46, 47, 177, 48, 0, '2025-08-04 14:58:21'),
(47, 47, 177, 55, 0, '2025-08-04 14:58:21'),
(48, 47, 177, 9, 0, '2025-08-04 14:58:21'),
(49, 48, 178, 6, 0, '2025-08-04 15:06:47'),
(50, 48, 178, 33, 0, '2025-08-04 15:06:47'),
(51, 48, 178, 19, 0, '2025-08-04 15:06:47'),
(52, 48, 178, 2, 0, '2025-08-04 15:06:47'),
(53, 48, 178, 4, 0, '2025-08-04 15:06:47'),
(54, 48, 178, 52, 0, '2025-08-04 15:06:47'),
(55, 48, 178, 28, 1, '2025-08-04 15:06:47'),
(56, 48, 178, 17, 0, '2025-08-04 15:06:47'),
(57, 48, 179, 13, 0, '2025-08-04 15:06:47'),
(58, 48, 179, 5, 0, '2025-08-04 15:06:47'),
(59, 48, 179, 21, 0, '2025-08-04 15:06:47'),
(60, 48, 179, 36, 0, '2025-08-04 15:06:47'),
(61, 48, 179, 32, 0, '2025-08-04 15:06:47'),
(62, 48, 179, 7, 0, '2025-08-04 15:06:47'),
(63, 48, 179, 38, 0, '2025-08-04 15:06:47'),
(64, 48, 179, 46, 0, '2025-08-04 15:06:47'),
(65, 49, 180, 43, 0, '2025-08-04 15:09:08'),
(66, 49, 180, 25, 0, '2025-08-04 15:09:08'),
(67, 49, 180, 44, 0, '2025-08-04 15:09:08'),
(68, 49, 180, 14, 0, '2025-08-04 15:09:08'),
(69, 49, 180, 9, 0, '2025-08-04 15:09:08'),
(70, 49, 180, 33, 0, '2025-08-04 15:09:08'),
(71, 49, 180, 55, 0, '2025-08-04 15:09:08'),
(72, 49, 180, 50, 0, '2025-08-04 15:09:08'),
(73, 49, 181, 29, 0, '2025-08-04 15:09:08'),
(74, 49, 181, 37, 0, '2025-08-04 15:09:08'),
(75, 49, 181, 4, 0, '2025-08-04 15:09:08'),
(76, 49, 181, 42, 0, '2025-08-04 15:09:08'),
(77, 49, 181, 18, 0, '2025-08-04 15:09:08'),
(78, 49, 181, 56, 0, '2025-08-04 15:09:08'),
(79, 49, 181, 53, 0, '2025-08-04 15:09:08'),
(80, 49, 181, 21, 0, '2025-08-04 15:09:08'),
(81, 50, 182, 34, 0, '2025-08-04 15:22:45'),
(82, 50, 182, 33, 0, '2025-08-04 15:22:45'),
(83, 50, 182, 13, 0, '2025-08-04 15:22:45'),
(84, 50, 182, 44, 0, '2025-08-04 15:22:45'),
(85, 50, 182, 37, 0, '2025-08-04 15:22:45'),
(86, 50, 182, 42, 0, '2025-08-04 15:22:45'),
(87, 50, 182, 25, 0, '2025-08-04 15:22:45'),
(88, 50, 182, 4, 1, '2025-08-04 15:22:45'),
(89, 50, 183, 9, 0, '2025-08-04 15:22:45'),
(90, 50, 183, 56, 0, '2025-08-04 15:22:45'),
(91, 50, 183, 12, 0, '2025-08-04 15:22:45'),
(92, 50, 183, 38, 0, '2025-08-04 15:22:45'),
(93, 50, 183, 45, 0, '2025-08-04 15:22:45'),
(94, 50, 183, 5, 0, '2025-08-04 15:22:45'),
(95, 50, 183, 49, 0, '2025-08-04 15:22:45'),
(96, 50, 183, 20, 0, '2025-08-04 15:22:45'),
(97, 51, 184, 15, 1, '2025-08-04 21:22:27'),
(98, 51, 184, 29, 0, '2025-08-04 21:22:27'),
(99, 51, 184, 4, 0, '2025-08-04 21:22:27'),
(100, 51, 184, 18, 0, '2025-08-04 21:22:27'),
(101, 51, 184, 56, 0, '2025-08-04 21:22:27'),
(102, 51, 184, 37, 0, '2025-08-04 21:22:27'),
(103, 51, 184, 43, 0, '2025-08-04 21:22:27'),
(104, 51, 184, 10, 0, '2025-08-04 21:22:27'),
(105, 51, 185, 46, 0, '2025-08-04 21:22:27'),
(106, 51, 185, 8, 0, '2025-08-04 21:22:27'),
(107, 51, 185, 1, 0, '2025-08-04 21:22:27'),
(108, 51, 185, 16, 0, '2025-08-04 21:22:27'),
(109, 51, 185, 17, 0, '2025-08-04 21:22:27'),
(110, 51, 185, 31, 0, '2025-08-04 21:22:27'),
(111, 51, 185, 33, 0, '2025-08-04 21:22:27'),
(112, 51, 185, 44, 1, '2025-08-04 21:22:27'),
(113, 52, 186, 5, 0, '2025-08-05 13:42:29'),
(114, 52, 186, 10, 0, '2025-08-05 13:42:29'),
(115, 52, 186, 33, 0, '2025-08-05 13:42:29'),
(116, 52, 186, 36, 0, '2025-08-05 13:42:29'),
(117, 52, 186, 18, 0, '2025-08-05 13:42:29'),
(118, 52, 186, 50, 0, '2025-08-05 13:42:29'),
(119, 52, 186, 34, 1, '2025-08-05 13:42:29'),
(120, 52, 186, 28, 0, '2025-08-05 13:42:29'),
(121, 52, 187, 13, 0, '2025-08-05 13:42:29'),
(122, 52, 187, 47, 0, '2025-08-05 13:42:29'),
(123, 52, 187, 35, 1, '2025-08-05 13:42:29'),
(124, 52, 187, 43, 0, '2025-08-05 13:42:29'),
(125, 52, 187, 39, 0, '2025-08-05 13:42:29'),
(126, 52, 187, 29, 0, '2025-08-05 13:42:29'),
(127, 52, 187, 7, 0, '2025-08-05 13:42:29'),
(128, 52, 187, 55, 0, '2025-08-05 13:42:29'),
(129, 52, 188, 59, 0, '2025-08-05 13:42:29'),
(130, 52, 188, 31, 0, '2025-08-05 13:42:29'),
(131, 52, 188, 58, 0, '2025-08-05 13:42:29'),
(132, 52, 188, 42, 0, '2025-08-05 13:42:29'),
(133, 52, 188, 41, 1, '2025-08-05 13:42:29'),
(134, 52, 188, 17, 0, '2025-08-05 13:42:29'),
(135, 52, 188, 9, 0, '2025-08-05 13:42:29'),
(136, 52, 188, 48, 0, '2025-08-05 13:42:29'),
(137, 52, 189, 38, 0, '2025-08-05 13:42:29'),
(138, 52, 189, 49, 0, '2025-08-05 13:42:29'),
(139, 52, 189, 6, 1, '2025-08-05 13:42:29'),
(140, 52, 189, 16, 0, '2025-08-05 13:42:29'),
(141, 52, 189, 51, 0, '2025-08-05 13:42:29'),
(142, 52, 189, 27, 0, '2025-08-05 13:42:29'),
(143, 52, 189, 3, 0, '2025-08-05 13:42:29'),
(144, 52, 189, 11, 0, '2025-08-05 13:42:29'),
(145, 52, 190, 24, 0, '2025-08-05 13:42:29'),
(146, 52, 190, 30, 0, '2025-08-05 13:42:29'),
(147, 52, 190, 54, 0, '2025-08-05 13:42:29'),
(148, 52, 190, 26, 0, '2025-08-05 13:42:29'),
(149, 52, 190, 44, 0, '2025-08-05 13:42:29'),
(150, 52, 190, 12, 0, '2025-08-05 13:42:29'),
(151, 52, 190, 22, 0, '2025-08-05 13:42:29'),
(152, 52, 190, 23, 1, '2025-08-05 13:42:29'),
(153, 52, 191, 4, 0, '2025-08-05 13:42:29'),
(154, 52, 191, 8, 0, '2025-08-05 13:42:29'),
(155, 52, 191, 40, 0, '2025-08-05 13:42:29'),
(156, 52, 191, 37, 0, '2025-08-05 13:42:29'),
(157, 52, 191, 20, 0, '2025-08-05 13:42:29'),
(158, 52, 191, 45, 0, '2025-08-05 13:42:29'),
(159, 52, 191, 53, 0, '2025-08-05 13:42:29'),
(160, 52, 191, 56, 1, '2025-08-05 13:42:29'),
(161, 52, 192, 32, 0, '2025-08-05 13:42:29'),
(162, 52, 192, 15, 0, '2025-08-05 13:42:29'),
(163, 52, 192, 19, 0, '2025-08-05 13:42:29'),
(164, 52, 192, 14, 0, '2025-08-05 13:42:29'),
(165, 52, 192, 57, 0, '2025-08-05 13:42:29'),
(166, 52, 192, 52, 0, '2025-08-05 13:42:29'),
(167, 52, 192, 46, 1, '2025-08-05 13:42:29'),
(168, 52, 192, 2, 0, '2025-08-05 13:42:29'),
(169, 53, 193, 24, 1, '2025-08-05 13:58:39'),
(170, 53, 193, 3, 0, '2025-08-05 13:58:39'),
(171, 53, 193, 2, 0, '2025-08-05 13:58:39'),
(172, 53, 193, 12, 1, '2025-08-05 13:58:39'),
(173, 53, 193, 47, 1, '2025-08-05 13:58:39'),
(174, 53, 193, 1, 1, '2025-08-05 13:58:39'),
(175, 53, 193, 46, 0, '2025-08-05 13:58:39'),
(176, 53, 193, 49, 1, '2025-08-05 13:58:39'),
(177, 53, 194, 33, 1, '2025-08-05 13:58:39'),
(178, 53, 194, 38, 1, '2025-08-05 13:58:39'),
(179, 53, 194, 30, 0, '2025-08-05 13:58:39'),
(180, 53, 194, 16, 1, '2025-08-05 13:58:39'),
(181, 53, 194, 6, 1, '2025-08-05 13:58:39'),
(182, 53, 194, 35, 1, '2025-08-05 13:58:39'),
(183, 53, 194, 39, 0, '2025-08-05 13:58:39'),
(184, 53, 194, 26, 0, '2025-08-05 13:58:39'),
(185, 54, 195, 48, 0, '2025-08-05 14:23:53'),
(186, 54, 195, 6, 0, '2025-08-05 14:23:53'),
(187, 54, 195, 55, 0, '2025-08-05 14:23:53'),
(188, 54, 195, 26, 0, '2025-08-05 14:23:53'),
(189, 54, 195, 52, 0, '2025-08-05 14:23:53'),
(190, 54, 195, 57, 0, '2025-08-05 14:23:53'),
(191, 54, 195, 3, 0, '2025-08-05 14:23:53'),
(192, 54, 195, 43, 0, '2025-08-05 14:23:53'),
(193, 54, 196, 42, 0, '2025-08-05 14:23:53'),
(194, 54, 196, 32, 0, '2025-08-05 14:23:53'),
(195, 54, 196, 7, 0, '2025-08-05 14:23:53'),
(196, 54, 196, 54, 0, '2025-08-05 14:23:53'),
(197, 54, 196, 17, 0, '2025-08-05 14:23:53'),
(198, 54, 196, 12, 0, '2025-08-05 14:23:53'),
(199, 54, 196, 18, 0, '2025-08-05 14:23:53'),
(200, 54, 196, 51, 0, '2025-08-05 14:23:53'),
(201, 54, 197, 11, 0, '2025-08-05 14:23:53'),
(202, 54, 197, 40, 0, '2025-08-05 14:23:53'),
(203, 54, 197, 35, 0, '2025-08-05 14:23:53'),
(204, 54, 197, 28, 0, '2025-08-05 14:23:53'),
(205, 54, 197, 21, 0, '2025-08-05 14:23:53'),
(206, 54, 197, 41, 0, '2025-08-05 14:23:53'),
(207, 54, 197, 27, 0, '2025-08-05 14:23:53'),
(208, 54, 197, 31, 0, '2025-08-05 14:23:53'),
(209, 54, 198, 20, 0, '2025-08-05 14:23:53'),
(210, 54, 198, 1, 0, '2025-08-05 14:23:53'),
(211, 54, 198, 58, 0, '2025-08-05 14:23:53'),
(212, 54, 198, 45, 0, '2025-08-05 14:23:53'),
(213, 54, 198, 53, 0, '2025-08-05 14:23:53'),
(214, 54, 198, 16, 0, '2025-08-05 14:23:53'),
(215, 54, 198, 14, 0, '2025-08-05 14:23:53'),
(216, 54, 198, 44, 0, '2025-08-05 14:23:53'),
(217, 54, 199, 22, 0, '2025-08-05 14:23:53'),
(218, 54, 199, 37, 0, '2025-08-05 14:23:53'),
(219, 54, 199, 33, 0, '2025-08-05 14:23:53'),
(220, 54, 199, 29, 0, '2025-08-05 14:23:53'),
(221, 54, 199, 50, 0, '2025-08-05 14:23:53'),
(222, 54, 199, 59, 0, '2025-08-05 14:23:53'),
(223, 54, 199, 15, 0, '2025-08-05 14:23:53'),
(224, 54, 199, 34, 0, '2025-08-05 14:23:53'),
(225, 54, 200, 56, 0, '2025-08-05 14:23:53'),
(226, 54, 200, 46, 0, '2025-08-05 14:23:53'),
(227, 54, 200, 8, 0, '2025-08-05 14:23:53'),
(228, 54, 200, 10, 0, '2025-08-05 14:23:53'),
(229, 54, 200, 2, 0, '2025-08-05 14:23:53'),
(230, 54, 200, 47, 0, '2025-08-05 14:23:53'),
(231, 54, 200, 4, 0, '2025-08-05 14:23:53'),
(232, 54, 200, 39, 0, '2025-08-05 14:23:53'),
(233, 54, 201, 24, 0, '2025-08-05 14:23:53'),
(234, 54, 201, 23, 0, '2025-08-05 14:23:53'),
(235, 54, 201, 49, 0, '2025-08-05 14:23:53'),
(236, 54, 201, 25, 0, '2025-08-05 14:23:53'),
(237, 54, 201, 13, 0, '2025-08-05 14:23:53'),
(238, 54, 201, 36, 0, '2025-08-05 14:23:53'),
(239, 54, 201, 5, 0, '2025-08-05 14:23:53'),
(240, 54, 201, 38, 0, '2025-08-05 14:23:53'),
(241, 55, 202, 47, 0, '2025-08-05 14:26:38'),
(242, 55, 202, 27, 1, '2025-08-05 14:26:38'),
(243, 55, 202, 48, 1, '2025-08-05 14:26:38'),
(244, 55, 202, 22, 1, '2025-08-05 14:26:38'),
(245, 55, 202, 32, 1, '2025-08-05 14:26:38'),
(246, 55, 202, 9, 1, '2025-08-05 14:26:38'),
(247, 55, 202, 20, 1, '2025-08-05 14:26:38'),
(248, 55, 202, 2, 1, '2025-08-05 14:26:38'),
(249, 55, 203, 56, 1, '2025-08-05 14:26:38'),
(250, 55, 203, 11, 1, '2025-08-05 14:26:38'),
(251, 55, 203, 52, 1, '2025-08-05 14:26:38'),
(252, 55, 203, 13, 0, '2025-08-05 14:26:38'),
(253, 55, 203, 25, 1, '2025-08-05 14:26:38'),
(254, 55, 203, 38, 1, '2025-08-05 14:26:38'),
(255, 55, 203, 58, 1, '2025-08-05 14:26:38'),
(256, 55, 203, 50, 1, '2025-08-05 14:26:38'),
(257, 56, 204, 8, 1, '2025-08-05 14:29:55'),
(258, 56, 204, 35, 0, '2025-08-05 14:29:55'),
(259, 56, 204, 9, 1, '2025-08-05 14:29:55'),
(260, 56, 204, 47, 1, '2025-08-05 14:29:55'),
(261, 56, 204, 21, 1, '2025-08-05 14:29:55'),
(262, 56, 204, 24, 1, '2025-08-05 14:29:55'),
(263, 56, 204, 6, 1, '2025-08-05 14:29:55'),
(264, 56, 204, 53, 1, '2025-08-05 14:29:55'),
(265, 56, 205, 39, 1, '2025-08-05 14:29:55'),
(266, 56, 205, 36, 1, '2025-08-05 14:29:55'),
(267, 56, 205, 7, 0, '2025-08-05 14:29:55'),
(268, 56, 205, 56, 1, '2025-08-05 14:29:55'),
(269, 56, 205, 19, 1, '2025-08-05 14:29:55'),
(270, 56, 205, 41, 1, '2025-08-05 14:29:55'),
(271, 56, 205, 26, 1, '2025-08-05 14:29:55'),
(272, 56, 205, 54, 1, '2025-08-05 14:29:55'),
(273, 57, 206, 50, 0, '2025-08-05 15:35:00'),
(274, 57, 206, 34, 0, '2025-08-05 15:35:00'),
(275, 57, 206, 9, 0, '2025-08-05 15:35:00'),
(276, 57, 206, 14, 0, '2025-08-05 15:35:00'),
(277, 57, 206, 23, 0, '2025-08-05 15:35:00'),
(278, 57, 206, 22, 0, '2025-08-05 15:35:00'),
(279, 57, 206, 58, 0, '2025-08-05 15:35:00'),
(280, 57, 206, 57, 1, '2025-08-05 15:35:00'),
(281, 57, 207, 24, 0, '2025-08-05 15:35:00'),
(282, 57, 207, 28, 0, '2025-08-05 15:35:00'),
(283, 57, 207, 18, 0, '2025-08-05 15:35:00'),
(284, 57, 207, 52, 1, '2025-08-05 15:35:00'),
(285, 57, 207, 44, 0, '2025-08-05 15:35:00'),
(286, 57, 207, 1, 0, '2025-08-05 15:35:00'),
(287, 57, 207, 30, 0, '2025-08-05 15:35:00'),
(288, 57, 207, 21, 0, '2025-08-05 15:35:00'),
(289, 57, 208, 59, 0, '2025-08-05 15:35:00'),
(290, 57, 208, 4, 0, '2025-08-05 15:35:00'),
(291, 57, 208, 36, 0, '2025-08-05 15:35:00'),
(292, 57, 208, 46, 0, '2025-08-05 15:35:00'),
(293, 57, 208, 3, 1, '2025-08-05 15:35:00'),
(294, 57, 208, 33, 0, '2025-08-05 15:35:00'),
(295, 57, 208, 19, 0, '2025-08-05 15:35:00'),
(296, 57, 208, 11, 0, '2025-08-05 15:35:00'),
(297, 57, 209, 40, 0, '2025-08-05 15:35:00'),
(298, 57, 209, 13, 0, '2025-08-05 15:35:00'),
(299, 57, 209, 12, 1, '2025-08-05 15:35:00'),
(300, 57, 209, 31, 0, '2025-08-05 15:35:00'),
(301, 57, 209, 38, 0, '2025-08-05 15:35:00'),
(302, 57, 209, 5, 0, '2025-08-05 15:35:00'),
(303, 57, 209, 6, 0, '2025-08-05 15:35:00'),
(304, 57, 209, 10, 0, '2025-08-05 15:35:00'),
(305, 57, 210, 45, 0, '2025-08-05 15:35:00'),
(306, 57, 210, 17, 0, '2025-08-05 15:35:00'),
(307, 57, 210, 39, 0, '2025-08-05 15:35:00'),
(308, 57, 210, 32, 0, '2025-08-05 15:35:00'),
(309, 57, 210, 29, 0, '2025-08-05 15:35:00'),
(310, 57, 210, 35, 0, '2025-08-05 15:35:00'),
(311, 57, 210, 20, 0, '2025-08-05 15:35:00'),
(312, 57, 210, 37, 0, '2025-08-05 15:35:00'),
(313, 57, 211, 49, 0, '2025-08-05 15:35:00'),
(314, 57, 211, 16, 0, '2025-08-05 15:35:00'),
(315, 57, 211, 27, 0, '2025-08-05 15:35:00'),
(316, 57, 211, 55, 0, '2025-08-05 15:35:00'),
(317, 57, 211, 41, 0, '2025-08-05 15:35:00'),
(318, 57, 211, 51, 0, '2025-08-05 15:35:00'),
(319, 57, 211, 43, 0, '2025-08-05 15:35:00'),
(320, 57, 211, 25, 0, '2025-08-05 15:35:00'),
(321, 57, 212, 47, 0, '2025-08-05 15:35:00'),
(322, 57, 212, 7, 0, '2025-08-05 15:35:00'),
(323, 57, 212, 15, 0, '2025-08-05 15:35:00'),
(324, 57, 212, 42, 0, '2025-08-05 15:35:00'),
(325, 57, 212, 8, 0, '2025-08-05 15:35:00'),
(326, 57, 212, 56, 0, '2025-08-05 15:35:00'),
(327, 57, 212, 53, 0, '2025-08-05 15:35:00'),
(328, 57, 212, 26, 0, '2025-08-05 15:35:00'),
(329, 58, 213, 19, 0, '2025-08-05 15:40:53'),
(330, 58, 213, 7, 0, '2025-08-05 15:40:53'),
(331, 58, 213, 20, 0, '2025-08-05 15:40:53'),
(332, 58, 213, 45, 0, '2025-08-05 15:40:53'),
(333, 58, 213, 9, 0, '2025-08-05 15:40:53'),
(334, 58, 213, 26, 0, '2025-08-05 15:40:53'),
(335, 58, 213, 49, 0, '2025-08-05 15:40:53'),
(336, 58, 213, 46, 0, '2025-08-05 15:40:53'),
(337, 58, 214, 30, 0, '2025-08-05 15:40:53'),
(338, 58, 214, 37, 0, '2025-08-05 15:40:53'),
(339, 58, 214, 48, 0, '2025-08-05 15:40:53'),
(340, 58, 214, 23, 0, '2025-08-05 15:40:53'),
(341, 58, 214, 27, 0, '2025-08-05 15:40:53'),
(342, 58, 214, 13, 0, '2025-08-05 15:40:53'),
(343, 58, 214, 11, 0, '2025-08-05 15:40:53'),
(344, 58, 214, 21, 0, '2025-08-05 15:40:53'),
(345, 59, 215, 13, 0, '2025-08-05 15:53:16'),
(346, 59, 215, 37, 0, '2025-08-05 15:53:16'),
(347, 59, 215, 45, 0, '2025-08-05 15:53:16'),
(348, 59, 215, 44, 0, '2025-08-05 15:53:16'),
(349, 59, 215, 52, 1, '2025-08-05 15:53:16'),
(350, 59, 215, 36, 0, '2025-08-05 15:53:16'),
(351, 59, 215, 59, 0, '2025-08-05 15:53:16'),
(352, 59, 215, 20, 0, '2025-08-05 15:53:16'),
(353, 59, 216, 56, 0, '2025-08-05 15:53:16'),
(354, 59, 216, 38, 0, '2025-08-05 15:53:17'),
(355, 59, 216, 10, 0, '2025-08-05 15:53:17'),
(356, 59, 216, 19, 0, '2025-08-05 15:53:17'),
(357, 59, 216, 3, 1, '2025-08-05 15:53:17'),
(358, 59, 216, 24, 0, '2025-08-05 15:53:17'),
(359, 59, 216, 14, 0, '2025-08-05 15:53:17'),
(360, 59, 216, 4, 0, '2025-08-05 15:53:17'),
(361, 59, 217, 30, 0, '2025-08-05 15:53:17'),
(362, 59, 217, 42, 0, '2025-08-05 15:53:17'),
(363, 59, 217, 50, 0, '2025-08-05 15:53:17'),
(364, 59, 217, 41, 0, '2025-08-05 15:53:17'),
(365, 59, 217, 43, 1, '2025-08-05 15:53:17'),
(366, 59, 217, 2, 0, '2025-08-05 15:53:17'),
(367, 59, 217, 40, 0, '2025-08-05 15:53:17'),
(368, 59, 217, 21, 0, '2025-08-05 15:53:17'),
(369, 59, 218, 29, 1, '2025-08-05 15:53:17'),
(370, 59, 218, 33, 0, '2025-08-05 15:53:17'),
(371, 59, 218, 8, 0, '2025-08-05 15:53:17'),
(372, 59, 218, 22, 0, '2025-08-05 15:53:17'),
(373, 59, 218, 51, 0, '2025-08-05 15:53:17'),
(374, 59, 218, 47, 0, '2025-08-05 15:53:17'),
(375, 59, 218, 54, 0, '2025-08-05 15:53:17'),
(376, 59, 218, 27, 0, '2025-08-05 15:53:17'),
(377, 59, 219, 28, 0, '2025-08-05 15:53:17'),
(378, 59, 219, 5, 0, '2025-08-05 15:53:17'),
(379, 59, 219, 15, 0, '2025-08-05 15:53:17'),
(380, 59, 219, 26, 0, '2025-08-05 15:53:17'),
(381, 59, 219, 18, 0, '2025-08-05 15:53:17'),
(382, 59, 219, 1, 0, '2025-08-05 15:53:17'),
(383, 59, 219, 23, 1, '2025-08-05 15:53:17'),
(384, 59, 219, 34, 0, '2025-08-05 15:53:17'),
(385, 59, 220, 48, 0, '2025-08-05 15:53:17'),
(386, 59, 220, 11, 0, '2025-08-05 15:53:17'),
(387, 59, 220, 49, 0, '2025-08-05 15:53:17'),
(388, 59, 220, 58, 0, '2025-08-05 15:53:17'),
(389, 59, 220, 6, 1, '2025-08-05 15:53:17'),
(390, 59, 220, 39, 0, '2025-08-05 15:53:17'),
(391, 59, 220, 46, 0, '2025-08-05 15:53:17'),
(392, 59, 220, 7, 0, '2025-08-05 15:53:17'),
(393, 59, 221, 25, 0, '2025-08-05 15:53:17'),
(394, 59, 221, 16, 0, '2025-08-05 15:53:17'),
(395, 59, 221, 31, 0, '2025-08-05 15:53:17'),
(396, 59, 221, 9, 0, '2025-08-05 15:53:17'),
(397, 59, 221, 57, 0, '2025-08-05 15:53:17'),
(398, 59, 221, 32, 1, '2025-08-05 15:53:17'),
(399, 59, 221, 55, 0, '2025-08-05 15:53:17'),
(400, 59, 221, 35, 0, '2025-08-05 15:53:17');

-- --------------------------------------------------------

--
-- Estructura de tabla para la tabla `room_players`
--

CREATE TABLE `room_players` (
  `id` int(11) NOT NULL,
  `room_id` int(11) NOT NULL,
  `player_name` varchar(50) NOT NULL,
  `user_id` int(11) DEFAULT NULL,
  `player_order` int(11) NOT NULL,
  `score` int(11) DEFAULT 0,
  `joined_at` timestamp NOT NULL DEFAULT current_timestamp()
) ENGINE=InnoDB DEFAULT CHARSET=utf8mb4 COLLATE=utf8mb4_general_ci;

--
-- Volcado de datos para la tabla `room_players`
--

INSERT INTO `room_players` (`id`, `room_id`, `player_name`, `user_id`, `player_order`, `score`, `joined_at`) VALUES
(1, 4, 'Jugador 1', 2, 1, 0, '2025-08-04 04:34:07'),
(2, 4, 'Jugador 2', 2, 2, 0, '2025-08-04 04:34:07'),
(3, 4, 'Jugador 3', 2, 3, 0, '2025-08-04 04:34:07'),
(4, 4, 'Jugador 4', 2, 4, 0, '2025-08-04 04:34:07'),
(5, 4, 'Jugador 5', 2, 5, 0, '2025-08-04 04:34:07'),
(6, 4, 'Jugador 6', 2, 6, 0, '2025-08-04 04:34:07'),
(7, 4, 'Jugador 7', 2, 7, 0, '2025-08-04 04:34:07'),
(8, 5, 'Jugador 1', 2, 1, 0, '2025-08-04 04:34:19'),
(9, 5, 'Jugador 2', 2, 2, 0, '2025-08-04 04:34:19'),
(10, 5, 'Jugador 3', 2, 3, 0, '2025-08-04 04:34:19'),
(11, 5, 'Jugador 4', 2, 4, 0, '2025-08-04 04:34:19'),
(12, 5, 'Jugador 5', 2, 5, 0, '2025-08-04 04:34:19'),
(13, 5, 'Jugador 6', 2, 6, 0, '2025-08-04 04:34:19'),
(14, 5, 'Jugador 7', 2, 7, 0, '2025-08-04 04:34:19'),
(15, 6, 'Jugador 1', 2, 1, 0, '2025-08-04 04:34:20'),
(16, 6, 'Jugador 2', 2, 2, 0, '2025-08-04 04:34:20'),
(17, 6, 'Jugador 3', 2, 3, 0, '2025-08-04 04:34:20'),
(18, 6, 'Jugador 4', 2, 4, 0, '2025-08-04 04:34:20'),
(19, 6, 'Jugador 5', 2, 5, 0, '2025-08-04 04:34:20'),
(20, 6, 'Jugador 6', 2, 6, 0, '2025-08-04 04:34:20'),
(21, 6, 'Jugador 7', 2, 7, 0, '2025-08-04 04:34:20'),
(22, 7, 'Jugador 1', 2, 1, 0, '2025-08-04 04:34:48'),
(23, 7, 'Jugador 2', 2, 2, 0, '2025-08-04 04:34:48'),
(24, 7, 'Jugador 3', 2, 3, 0, '2025-08-04 04:34:48'),
(25, 7, 'Jugador 4', 2, 4, 0, '2025-08-04 04:34:48'),
(26, 7, 'Jugador 5', 2, 5, 0, '2025-08-04 04:34:48'),
(27, 7, 'Jugador 6', 2, 6, 0, '2025-08-04 04:34:48'),
(28, 7, 'Jugador 7', 2, 7, 0, '2025-08-04 04:34:48'),
(29, 8, 'Jugador 1', 2, 1, 0, '2025-08-04 04:36:24'),
(30, 8, 'Jugador 2', 2, 2, 0, '2025-08-04 04:36:24'),
(31, 8, 'Jugador 3', 2, 3, 0, '2025-08-04 04:36:24'),
(32, 8, 'Jugador 4', 2, 4, 0, '2025-08-04 04:36:24'),
(33, 8, 'Jugador 5', 2, 5, 0, '2025-08-04 04:36:24'),
(34, 8, 'Jugador 6', 2, 6, 0, '2025-08-04 04:36:24'),
(35, 8, 'Jugador 7', 2, 7, 0, '2025-08-04 04:36:24'),
(36, 9, 'Jugador 1', NULL, 1, 0, '2025-08-04 04:38:03'),
(37, 9, 'Jugador 2', NULL, 2, 0, '2025-08-04 04:38:03'),
(38, 9, 'Jugador 3', NULL, 3, 0, '2025-08-04 04:38:03'),
(39, 9, 'Jugador 4', NULL, 4, 0, '2025-08-04 04:38:03'),
(40, 9, 'Jugador 5', NULL, 5, 0, '2025-08-04 04:38:03'),
(41, 9, 'Jugador 6', NULL, 6, 0, '2025-08-04 04:38:03'),
(42, 9, 'Jugador 7', NULL, 7, 0, '2025-08-04 04:38:03'),
(43, 10, 'Jugador 1', NULL, 1, 0, '2025-08-04 04:39:20'),
(44, 10, 'Jugador 2', NULL, 2, 0, '2025-08-04 04:39:20'),
(45, 10, 'Jugador 3', NULL, 3, 0, '2025-08-04 04:39:20'),
(46, 10, 'Jugador 4', NULL, 4, 0, '2025-08-04 04:39:20'),
(47, 10, 'Jugador 5', NULL, 5, 0, '2025-08-04 04:39:20'),
(48, 10, 'Jugador 6', NULL, 6, 0, '2025-08-04 04:39:20'),
(49, 10, 'Jugador 7', NULL, 7, 0, '2025-08-04 04:39:21'),
(50, 21, 'Jugador 1', 2, 1, 0, '2025-08-04 05:03:39'),
(51, 21, 'Jugador 2', 2, 2, 0, '2025-08-04 05:03:39'),
(52, 21, 'Jugador 3', 2, 3, 0, '2025-08-04 05:03:39'),
(53, 21, 'Jugador 4', 2, 4, 0, '2025-08-04 05:03:39'),
(54, 21, 'Jugador 5', 2, 5, 0, '2025-08-04 05:03:39'),
(55, 21, 'Jugador 6', 2, 6, 0, '2025-08-04 05:03:39'),
(56, 21, 'Jugador 7', 2, 7, 0, '2025-08-04 05:03:39'),
(57, 22, 'Jugador 1', 2, 1, 0, '2025-08-04 05:03:49'),
(58, 22, 'Jugador 2', 2, 2, 0, '2025-08-04 05:03:49'),
(59, 22, 'Jugador 3', 2, 3, 0, '2025-08-04 05:03:49'),
(60, 22, 'Jugador 4', 2, 4, 0, '2025-08-04 05:03:50'),
(61, 22, 'Jugador 5', 2, 5, 0, '2025-08-04 05:03:50'),
(62, 22, 'Jugador 6', 2, 6, 0, '2025-08-04 05:03:50'),
(63, 22, 'Jugador 7', 2, 7, 0, '2025-08-04 05:03:50'),
(64, 23, 'Jugador 1', NULL, 1, 0, '2025-08-04 05:12:32'),
(65, 23, 'Jugador 2', NULL, 2, 0, '2025-08-04 05:12:33'),
(66, 23, 'Jugador 3', NULL, 3, 0, '2025-08-04 05:12:33'),
(67, 23, 'Jugador 4', NULL, 4, 0, '2025-08-04 05:12:33'),
(68, 23, 'Jugador 5', NULL, 5, 0, '2025-08-04 05:12:33'),
(69, 23, 'Jugador 6', NULL, 6, 0, '2025-08-04 05:12:33'),
(70, 23, 'Jugador 7', NULL, 7, 0, '2025-08-04 05:12:33'),
(71, 24, 'Jugador 1', NULL, 1, 0, '2025-08-04 05:30:07'),
(72, 24, 'Jugador 2', NULL, 2, 0, '2025-08-04 05:30:07'),
(73, 24, 'Jugador 3', NULL, 3, 0, '2025-08-04 05:30:07'),
(74, 24, 'Jugador 4', NULL, 4, 0, '2025-08-04 05:30:07'),
(75, 24, 'Jugador 5', NULL, 5, 0, '2025-08-04 05:30:07'),
(76, 24, 'Jugador 6', NULL, 6, 0, '2025-08-04 05:30:07'),
(77, 24, 'Jugador 7', NULL, 7, 0, '2025-08-04 05:30:07'),
(78, 25, 'Jugador 1', NULL, 1, 0, '2025-08-04 12:31:53'),
(79, 25, 'Jugador 2', NULL, 2, 0, '2025-08-04 12:31:53'),
(80, 25, 'Jugador 3', NULL, 3, 0, '2025-08-04 12:31:53'),
(81, 25, 'Jugador 4', NULL, 4, 0, '2025-08-04 12:31:53'),
(82, 25, 'Jugador 5', NULL, 5, 0, '2025-08-04 12:31:53'),
(83, 25, 'Jugador 6', NULL, 6, 0, '2025-08-04 12:31:53'),
(84, 25, 'Jugador 7', NULL, 7, 0, '2025-08-04 12:31:53'),
(85, 26, 'Jugador 1', NULL, 1, 0, '2025-08-04 12:31:54'),
(86, 26, 'Jugador 2', NULL, 2, 0, '2025-08-04 12:31:54'),
(87, 26, 'Jugador 3', NULL, 3, 0, '2025-08-04 12:31:54'),
(88, 26, 'Jugador 4', NULL, 4, 0, '2025-08-04 12:31:54'),
(89, 26, 'Jugador 5', NULL, 5, 0, '2025-08-04 12:31:54'),
(90, 26, 'Jugador 6', NULL, 6, 0, '2025-08-04 12:31:54'),
(91, 26, 'Jugador 7', NULL, 7, 0, '2025-08-04 12:31:54'),
(92, 27, 'Jugador 1', NULL, 1, 0, '2025-08-04 12:36:09'),
(93, 27, 'Jugador 2', NULL, 2, 0, '2025-08-04 12:36:09'),
(94, 27, 'Jugador 3', NULL, 3, 0, '2025-08-04 12:36:09'),
(95, 27, 'Jugador 4', NULL, 4, 0, '2025-08-04 12:36:10'),
(96, 27, 'Jugador 5', NULL, 5, 0, '2025-08-04 12:36:10'),
(97, 27, 'Jugador 6', NULL, 6, 0, '2025-08-04 12:36:10'),
(98, 27, 'Jugador 7', NULL, 7, 0, '2025-08-04 12:36:10'),
(99, 28, 'Jugador 1', NULL, 1, 0, '2025-08-04 12:36:20'),
(100, 28, 'Jugador 2', NULL, 2, 0, '2025-08-04 12:36:20'),
(101, 28, 'Jugador 3', NULL, 3, 0, '2025-08-04 12:36:20'),
(102, 28, 'Jugador 4', NULL, 4, 0, '2025-08-04 12:36:20'),
(103, 28, 'Jugador 5', NULL, 5, 0, '2025-08-04 12:36:20'),
(104, 28, 'Jugador 6', NULL, 6, 0, '2025-08-04 12:36:20'),
(105, 28, 'Jugador 7', NULL, 7, 0, '2025-08-04 12:36:20'),
(106, 29, 'Jugador 1', NULL, 1, 0, '2025-08-04 12:42:12'),
(107, 29, 'Jugador 2', NULL, 2, 0, '2025-08-04 12:42:12'),
(108, 29, 'Jugador 3', NULL, 3, 0, '2025-08-04 12:42:12'),
(109, 29, 'Jugador9', NULL, 4, 0, '2025-08-04 12:42:12'),
(110, 29, 'Jugador 5', NULL, 5, 0, '2025-08-04 12:42:12'),
(111, 29, 'Jugador 6', NULL, 6, 0, '2025-08-04 12:42:12'),
(112, 29, 'Jugador 7', NULL, 7, 0, '2025-08-04 12:42:12'),
(113, 30, 'Jugador 1', NULL, 1, 0, '2025-08-04 12:53:17'),
(114, 30, 'Jugador 2', NULL, 2, 0, '2025-08-04 12:53:17'),
(115, 30, 'Jugador 3', NULL, 3, 0, '2025-08-04 12:53:17'),
(116, 30, 'Jugador 4', NULL, 4, 0, '2025-08-04 12:53:17'),
(117, 30, 'Jugador 5', NULL, 5, 0, '2025-08-04 12:53:17'),
(118, 30, 'Jugador 6', NULL, 6, 0, '2025-08-04 12:53:17'),
(119, 30, 'Jugador 7', NULL, 7, 0, '2025-08-04 12:53:17'),
(120, 31, 'Jugador 1', NULL, 1, 0, '2025-08-04 13:03:11'),
(121, 31, 'Jugador 2', NULL, 2, 0, '2025-08-04 13:03:11'),
(122, 31, 'Jugador 3', NULL, 3, 0, '2025-08-04 13:03:11'),
(123, 31, 'Jugador 4', NULL, 4, 0, '2025-08-04 13:03:11'),
(124, 31, 'Jugador 5', NULL, 5, 0, '2025-08-04 13:03:11'),
(125, 31, 'Jugador 6', NULL, 6, 0, '2025-08-04 13:03:11'),
(126, 31, 'Jugador 7', NULL, 7, 0, '2025-08-04 13:03:11'),
(127, 32, 'Jugador 1', NULL, 1, 0, '2025-08-04 13:03:41'),
(128, 32, 'Jugador 2', NULL, 2, 0, '2025-08-04 13:03:41'),
(129, 32, 'Jugador 3', NULL, 3, 0, '2025-08-04 13:03:41'),
(130, 32, 'Jugador 4', NULL, 4, 0, '2025-08-04 13:03:41'),
(131, 32, 'Jugador 5', NULL, 5, 0, '2025-08-04 13:03:41'),
(132, 32, 'Jugador 6', NULL, 6, 0, '2025-08-04 13:03:41'),
(133, 32, 'Jugador 7', NULL, 7, 0, '2025-08-04 13:03:41'),
(134, 33, 'Jugador 1', NULL, 1, 0, '2025-08-04 13:05:07'),
(135, 33, 'Jugador 2', NULL, 2, 0, '2025-08-04 13:05:07'),
(136, 33, 'Jugador 3', NULL, 3, 0, '2025-08-04 13:05:07'),
(137, 33, 'Jugador 4', NULL, 4, 0, '2025-08-04 13:05:07'),
(138, 33, 'Jugador 5', NULL, 5, 0, '2025-08-04 13:05:07'),
(139, 33, 'Jugador 6', NULL, 6, 0, '2025-08-04 13:05:07'),
(140, 33, 'Jugador 7', NULL, 7, 0, '2025-08-04 13:05:07'),
(141, 34, 'Jugador 1', NULL, 1, 0, '2025-08-04 13:05:23'),
(142, 34, 'Jugador 2', NULL, 2, 0, '2025-08-04 13:05:23'),
(143, 34, 'Jugador 3', NULL, 3, 0, '2025-08-04 13:05:23'),
(144, 34, 'Jugador 4', NULL, 4, 0, '2025-08-04 13:05:23'),
(145, 34, 'Jugador 5', NULL, 5, 0, '2025-08-04 13:05:23'),
(146, 34, 'Jugador 6', NULL, 6, 0, '2025-08-04 13:05:23'),
(147, 34, 'Jugador 7', NULL, 7, 0, '2025-08-04 13:05:23'),
(148, 35, 'Jugador 1', NULL, 1, 0, '2025-08-04 13:06:16'),
(149, 35, 'Jugador 2', NULL, 2, 0, '2025-08-04 13:06:16'),
(150, 36, 'Jugador 1', NULL, 1, 0, '2025-08-04 13:22:54'),
(151, 36, 'Jugador 2', NULL, 2, 0, '2025-08-04 13:22:54'),
(152, 36, 'Jugador 3', NULL, 3, 0, '2025-08-04 13:22:54'),
(153, 36, 'Jugador 4', NULL, 4, 0, '2025-08-04 13:22:54'),
(154, 36, 'Jugador 5', NULL, 5, 0, '2025-08-04 13:22:54'),
(155, 36, 'Jugador 6', NULL, 6, 0, '2025-08-04 13:22:54'),
(156, 36, 'Jugador 7', NULL, 7, 0, '2025-08-04 13:22:54'),
(157, 37, 'Jugador 1', NULL, 1, 0, '2025-08-04 13:23:15'),
(158, 37, 'Jugador 2', NULL, 2, 0, '2025-08-04 13:23:15'),
(159, 41, 'Jugador 1', NULL, 1, 0, '2025-08-04 13:39:40'),
(160, 41, 'Jugador 2', NULL, 2, 0, '2025-08-04 13:39:40'),
(161, 42, 'Jugador 1', NULL, 1, 0, '2025-08-04 13:41:26'),
(162, 42, 'Jugador 2', NULL, 2, 0, '2025-08-04 13:41:26'),
(163, 42, 'Jugador 3', NULL, 3, 0, '2025-08-04 13:41:26'),
(164, 42, 'Jugador 4', NULL, 4, 0, '2025-08-04 13:41:26'),
(165, 42, 'Jugador 5', NULL, 5, 0, '2025-08-04 13:41:26'),
(166, 42, 'Jugador 6', NULL, 6, 0, '2025-08-04 13:41:26'),
(167, 42, 'Jugador 7', NULL, 7, 0, '2025-08-04 13:41:27'),
(168, 43, 'Jugador 1', NULL, 1, 0, '2025-08-04 13:44:19'),
(169, 43, 'Jugador 2', NULL, 2, 0, '2025-08-04 13:44:19'),
(170, 44, 'dsf', NULL, 1, 0, '2025-08-04 13:50:03'),
(171, 44, 'sdf', NULL, 2, 0, '2025-08-04 13:50:03'),
(172, 45, 'Jugador 1', NULL, 1, 0, '2025-08-04 14:10:17'),
(173, 45, 'Jugador 2', NULL, 2, 0, '2025-08-04 14:10:17'),
(174, 46, 'Jugador 1', NULL, 1, 0, '2025-08-04 14:37:30'),
(175, 46, 'Jugador 2', NULL, 2, 0, '2025-08-04 14:37:30'),
(176, 47, 'Jugador 1', NULL, 1, 0, '2025-08-04 14:58:21'),
(177, 47, 'Jugador 2', NULL, 2, 0, '2025-08-04 14:58:21'),
(178, 48, 'Jugador 1', NULL, 1, 0, '2025-08-04 15:06:47'),
(179, 48, 'Jugador 2', NULL, 2, 0, '2025-08-04 15:06:47'),
(180, 49, 'Jugador 1', NULL, 1, 0, '2025-08-04 15:09:08'),
(181, 49, 'Jugador 2', NULL, 2, 0, '2025-08-04 15:09:08'),
(182, 50, 'Jugador 1', NULL, 1, 0, '2025-08-04 15:22:45'),
(183, 50, 'Jugador 2', NULL, 2, 0, '2025-08-04 15:22:45'),
(184, 51, 'Jugador 1', NULL, 1, 0, '2025-08-04 21:22:27'),
(185, 51, 'Jugador 2', NULL, 2, 1, '2025-08-04 21:22:27'),
(186, 52, 'Jugador 1', NULL, 1, 0, '2025-08-05 13:42:29'),
(187, 52, 'Jugador 2', NULL, 2, 0, '2025-08-05 13:42:29'),
(188, 52, 'Jugador 3', NULL, 3, 0, '2025-08-05 13:42:29'),
(189, 52, 'Jugador 4', NULL, 4, 0, '2025-08-05 13:42:29'),
(190, 52, 'Jugador 5', NULL, 5, 1, '2025-08-05 13:42:29'),
(191, 52, 'Jugador 6', NULL, 6, 0, '2025-08-05 13:42:29'),
(192, 52, 'Jugador 7', NULL, 7, 0, '2025-08-05 13:42:29'),
(193, 53, 'Jugador 1', NULL, 1, 4, '2025-08-05 13:58:39'),
(194, 53, 'Jugador 2', NULL, 2, 1, '2025-08-05 13:58:39'),
(195, 54, 'Jugador 1', NULL, 1, 0, '2025-08-05 14:23:53'),
(196, 54, 'Jugador 2', NULL, 2, 0, '2025-08-05 14:23:53'),
(197, 54, 'Jugador 3', NULL, 3, 0, '2025-08-05 14:23:53'),
(198, 54, 'Jugador 4', NULL, 4, 0, '2025-08-05 14:23:53'),
(199, 54, 'Jugador 5', NULL, 5, 0, '2025-08-05 14:23:53'),
(200, 54, 'Jugador 6', NULL, 6, 0, '2025-08-05 14:23:53'),
(201, 54, 'Jugador 7', NULL, 7, 0, '2025-08-05 14:23:53'),
(202, 55, 'Jugador 1', NULL, 1, 1, '2025-08-05 14:26:38'),
(203, 55, 'Jugador 2', NULL, 2, 6, '2025-08-05 14:26:38'),
(204, 56, 'Jugador 1', NULL, 1, 1, '2025-08-05 14:29:55'),
(205, 56, 'Jugador 2', NULL, 2, 6, '2025-08-05 14:29:55'),
(206, 57, 'Jugador 1', NULL, 1, 0, '2025-08-05 15:35:00'),
(207, 57, 'Jugador 2', NULL, 2, 0, '2025-08-05 15:35:00'),
(208, 57, 'Jugador 3', NULL, 3, 0, '2025-08-05 15:35:00'),
(209, 57, 'Jugador 4', NULL, 4, 0, '2025-08-05 15:35:00'),
(210, 57, 'Jugador 5', NULL, 5, 0, '2025-08-05 15:35:00'),
(211, 57, 'Jugador 6', NULL, 6, 0, '2025-08-05 15:35:00'),
(212, 57, 'Jugador 7', NULL, 7, 0, '2025-08-05 15:35:00'),
(213, 58, 'Jugador 1', NULL, 1, 0, '2025-08-05 15:40:53'),
(214, 58, 'Jugador 2', NULL, 2, 0, '2025-08-05 15:40:53'),
(215, 59, 'Jugador 1', NULL, 1, 0, '2025-08-05 15:53:16'),
(216, 59, 'Jugador 2', NULL, 2, 0, '2025-08-05 15:53:16'),
(217, 59, 'Jugador 3', NULL, 3, 0, '2025-08-05 15:53:16'),
(218, 59, 'Jugador 4', NULL, 4, 0, '2025-08-05 15:53:16'),
(219, 59, 'Jugador 5', NULL, 5, 1, '2025-08-05 15:53:16'),
(220, 59, 'Jugador 6', NULL, 6, 0, '2025-08-05 15:53:16'),
(221, 59, 'Jugador 7', NULL, 7, 0, '2025-08-05 15:53:16');

-- --------------------------------------------------------

--
-- Estructura de tabla para la tabla `round_cards`
--

CREATE TABLE `round_cards` (
  `id` int(11) NOT NULL,
  `round_id` int(11) NOT NULL,
  `player_id` int(11) NOT NULL,
  `card_id` int(11) NOT NULL,
  `attribute_value` int(11) NOT NULL,
  `played_at` timestamp NOT NULL DEFAULT current_timestamp()
) ENGINE=InnoDB DEFAULT CHARSET=utf8mb4 COLLATE=utf8mb4_general_ci;

--
-- Volcado de datos para la tabla `round_cards`
--

INSERT INTO `round_cards` (`id`, `round_id`, `player_id`, `card_id`, `attribute_value`, `played_at`) VALUES
(1, 1, 172, 6, 2, '2025-08-04 14:11:30'),
(2, 2, 174, 21, 10, '2025-08-04 14:37:54'),
(3, 3, 176, 53, 28, '2025-08-04 14:58:30'),
(4, 4, 178, 28, 65, '2025-08-04 15:06:57'),
(5, 6, 182, 4, 88, '2025-08-04 15:22:58'),
(6, 7, 184, 15, 15, '2025-08-04 21:22:39'),
(7, 7, 185, 44, 42, '2025-08-04 21:22:56'),
(8, 9, 186, 34, 0, '2025-08-05 13:53:28'),
(9, 9, 187, 35, 25, '2025-08-05 13:57:56'),
(10, 9, 188, 41, 15, '2025-08-05 13:58:03'),
(11, 9, 189, 6, 52, '2025-08-05 13:58:05'),
(12, 9, 190, 23, 85, '2025-08-05 13:58:08'),
(13, 9, 191, 56, 22, '2025-08-05 13:58:10'),
(14, 9, 192, 46, 18, '2025-08-05 13:58:13'),
(15, 10, 193, 49, 88, '2025-08-05 14:00:56'),
(16, 10, 194, 33, 78, '2025-08-05 14:01:40'),
(17, 11, 193, 12, 65, '2025-08-05 14:01:49'),
(18, 11, 194, 35, 52, '2025-08-05 14:01:51'),
(19, 12, 193, 24, 2, '2025-08-05 14:02:22'),
(20, 12, 194, 38, 4, '2025-08-05 14:02:49'),
(21, 13, 193, 1, 98, '2025-08-05 14:03:16'),
(22, 13, 194, 6, 89, '2025-08-05 14:03:18'),
(23, 14, 193, 47, 88, '2025-08-05 14:04:13'),
(24, 14, 194, 16, 70, '2025-08-05 14:04:16'),
(25, 17, 202, 20, 42, '2025-08-05 14:26:53'),
(26, 17, 203, 38, 45, '2025-08-05 14:26:58'),
(27, 18, 202, 22, 1, '2025-08-05 14:27:16'),
(28, 18, 203, 56, 2, '2025-08-05 14:27:19'),
(29, 19, 202, 27, 2, '2025-08-05 14:27:34'),
(30, 19, 203, 50, 2, '2025-08-05 14:27:37'),
(31, 20, 202, 2, 9, '2025-08-05 14:27:52'),
(32, 20, 203, 58, 10, '2025-08-05 14:27:55'),
(33, 21, 202, 9, 67, '2025-08-05 14:28:15'),
(34, 21, 203, 11, 68, '2025-08-05 14:28:19'),
(35, 22, 202, 32, 2, '2025-08-05 14:28:30'),
(36, 22, 203, 52, 2, '2025-08-05 14:28:33'),
(37, 23, 202, 48, 45, '2025-08-05 14:28:45'),
(38, 23, 203, 25, 12, '2025-08-05 14:28:48'),
(39, 24, 204, 9, 65, '2025-08-05 14:30:09'),
(40, 24, 205, 26, 88, '2025-08-05 14:30:14'),
(41, 25, 204, 24, 70, '2025-08-05 14:30:34'),
(42, 25, 205, 39, 95, '2025-08-05 14:30:41'),
(43, 26, 204, 21, 2, '2025-08-05 14:30:59'),
(44, 26, 205, 56, 2, '2025-08-05 14:31:05'),
(45, 27, 204, 6, 88, '2025-08-05 14:31:19'),
(46, 27, 205, 54, 85, '2025-08-05 14:31:25'),
(47, 28, 204, 47, 8, '2025-08-05 14:31:44'),
(48, 28, 205, 41, 9, '2025-08-05 14:31:47'),
(49, 29, 204, 53, 75, '2025-08-05 14:32:45'),
(50, 29, 205, 36, 75, '2025-08-05 14:32:48'),
(51, 30, 204, 8, 7, '2025-08-05 14:32:57'),
(52, 30, 205, 19, 8, '2025-08-05 14:33:01'),
(53, 32, 206, 57, 78, '2025-08-05 15:35:09'),
(54, 32, 207, 52, 82, '2025-08-05 15:35:11'),
(55, 32, 208, 3, 85, '2025-08-05 15:35:16'),
(56, 32, 209, 12, 85, '2025-08-05 15:35:18'),
(57, 34, 215, 52, 35, '2025-08-05 15:53:29'),
(58, 34, 216, 3, 45, '2025-08-05 15:54:33'),
(59, 34, 217, 43, 85, '2025-08-05 15:54:35'),
(60, 34, 218, 29, 8, '2025-08-05 15:54:37'),
(61, 34, 219, 23, 85, '2025-08-05 15:54:39'),
(62, 34, 220, 6, 52, '2025-08-05 15:54:41'),
(63, 34, 221, 32, 15, '2025-08-05 15:54:43');

-- --------------------------------------------------------

--
-- Estructura de tabla para la tabla `users`
--

CREATE TABLE `users` (
  `id` int(11) NOT NULL,
  `username` varchar(50) NOT NULL,
  `password` varchar(255) NOT NULL,
  `created_at` timestamp NOT NULL DEFAULT current_timestamp()
) ENGINE=InnoDB DEFAULT CHARSET=utf8mb4 COLLATE=utf8mb4_general_ci;

--
-- Volcado de datos para la tabla `users`
--

INSERT INTO `users` (`id`, `username`, `password`, `created_at`) VALUES
(1, 'daniel', '$2y$10$TOe73IgYrkZXC.66lkc6TOeKWZvgfgn4FZ83BRM0n3q/FNBPrBJYS', '2025-08-03 16:44:14'),
(2, 'dadada', '$2y$10$GEh1oivKHT8px5kjabU1z.2h73h7CIms5P/w27ww7G65hXb.UBgwe', '2025-08-03 18:46:37'),
(3, 'da', '$2y$10$COC0krlrresKfbVersZW8.2V56CBKOwKP/pp7YcZc4ltQ2v4spqJG', '2025-08-04 01:35:39'),
(4, 'MerariU', '$2y$10$hgNJRoVoKzHTWno7dB8DQ.g2HeEBWIR.NQkyBkxU1VwqCzuaa4zBy', '2025-08-05 12:39:05'),
(5, 'Santigo', '$2y$10$7zjegsjfvUJbfkkfBBnI7.4/C/vs9RTfVtA0DRSJEFsSxhKTY4l8u', '2025-08-05 14:25:12'),
(6, 'de', '$2y$10$DNHC9Hc2ysbEbe2tRxoB2OjqvuT1yg85zjoaCAJl.h0E0nsPRQ9Vm', '2025-08-05 14:39:22');

--
-- ndices para tablas volcadas
--

--
-- Indices de la tabla `cards`
--
ALTER TABLE `cards`
  ADD PRIMARY KEY (`id`);

--
-- Indices de la tabla `game_rooms`
--
ALTER TABLE `game_rooms`
  ADD PRIMARY KEY (`id`),
  ADD UNIQUE KEY `room_code` (`room_code`),
  ADD KEY `selected_map_id` (`selected_map_id`);

--
-- Indices de la tabla `game_rounds`
--
ALTER TABLE `game_rounds`
  ADD PRIMARY KEY (`id`),
  ADD KEY `winner_player_id` (`winner_player_id`),
  ADD KEY `idx_room_round` (`room_id`,`round_number`);

--
-- Indices de la tabla `maps`
--
ALTER TABLE `maps`
  ADD PRIMARY KEY (`id`);

--
-- Indices de la tabla `player_cards`
--
ALTER TABLE `player_cards`
  ADD PRIMARY KEY (`id`),
  ADD KEY `player_id` (`player_id`),
  ADD KEY `card_id` (`card_id`),
  ADD KEY `idx_room_player` (`room_id`,`player_id`),
  ADD KEY `idx_unused_cards` (`room_id`,`player_id`,`is_used`);

--
-- Indices de la tabla `room_players`
--
ALTER TABLE `room_players`
  ADD PRIMARY KEY (`id`),
  ADD KEY `room_id` (`room_id`),
  ADD KEY `user_id` (`user_id`);

--
-- Indices de la tabla `round_cards`
--
ALTER TABLE `round_cards`
  ADD PRIMARY KEY (`id`),
  ADD KEY `player_id` (`player_id`),
  ADD KEY `card_id` (`card_id`),
  ADD KEY `idx_round_player` (`round_id`,`player_id`);

--
-- Indices de la tabla `users`
--
ALTER TABLE `users`
  ADD PRIMARY KEY (`id`),
  ADD UNIQUE KEY `username` (`username`);

--
-- AUTO_INCREMENT de las tablas volcadas
--

--
-- AUTO_INCREMENT de la tabla `cards`
--
ALTER TABLE `cards`
  MODIFY `id` int(11) NOT NULL AUTO_INCREMENT, AUTO_INCREMENT=60;

--
-- AUTO_INCREMENT de la tabla `game_rooms`
--
ALTER TABLE `game_rooms`
  MODIFY `id` int(11) NOT NULL AUTO_INCREMENT, AUTO_INCREMENT=60;

--
-- AUTO_INCREMENT de la tabla `game_rounds`
--
ALTER TABLE `game_rounds`
  MODIFY `id` int(11) NOT NULL AUTO_INCREMENT, AUTO_INCREMENT=36;

--
-- AUTO_INCREMENT de la tabla `maps`
--
ALTER TABLE `maps`
  MODIFY `id` int(11) NOT NULL AUTO_INCREMENT, AUTO_INCREMENT=8;

--
-- AUTO_INCREMENT de la tabla `player_cards`
--
ALTER TABLE `player_cards`
  MODIFY `id` int(11) NOT NULL AUTO_INCREMENT, AUTO_INCREMENT=401;

--
-- AUTO_INCREMENT de la tabla `room_players`
--
ALTER TABLE `room_players`
  MODIFY `id` int(11) NOT NULL AUTO_INCREMENT, AUTO_INCREMENT=222;

--
-- AUTO_INCREMENT de la tabla `round_cards`
--
ALTER TABLE `round_cards`
  MODIFY `id` int(11) NOT NULL AUTO_INCREMENT, AUTO_INCREMENT=64;

--
-- AUTO_INCREMENT de la tabla `users`
--
ALTER TABLE `users`
  MODIFY `id` int(11) NOT NULL AUTO_INCREMENT, AUTO_INCREMENT=7;

--
-- Restricciones para tablas volcadas
--

--
-- Filtros para la tabla `game_rooms`
--
ALTER TABLE `game_rooms`
  ADD CONSTRAINT `game_rooms_ibfk_1` FOREIGN KEY (`selected_map_id`) REFERENCES `maps` (`id`);

--
-- Filtros para la tabla `game_rounds`
--
ALTER TABLE `game_rounds`
  ADD CONSTRAINT `game_rounds_ibfk_1` FOREIGN KEY (`room_id`) REFERENCES `game_rooms` (`id`) ON DELETE CASCADE,
  ADD CONSTRAINT `game_rounds_ibfk_2` FOREIGN KEY (`winner_player_id`) REFERENCES `room_players` (`id`);

--
-- Filtros para la tabla `player_cards`
--
ALTER TABLE `player_cards`
  ADD CONSTRAINT `player_cards_ibfk_1` FOREIGN KEY (`room_id`) REFERENCES `game_rooms` (`id`) ON DELETE CASCADE,
  ADD CONSTRAINT `player_cards_ibfk_2` FOREIGN KEY (`player_id`) REFERENCES `room_players` (`id`) ON DELETE CASCADE,
  ADD CONSTRAINT `player_cards_ibfk_3` FOREIGN KEY (`card_id`) REFERENCES `cards` (`id`);

--
-- Filtros para la tabla `room_players`
--
ALTER TABLE `room_players`
  ADD CONSTRAINT `room_players_ibfk_1` FOREIGN KEY (`room_id`) REFERENCES `game_rooms` (`id`) ON DELETE CASCADE,
  ADD CONSTRAINT `room_players_ibfk_2` FOREIGN KEY (`user_id`) REFERENCES `users` (`id`) ON DELETE SET NULL;

--
-- Filtros para la tabla `round_cards`
--
ALTER TABLE `round_cards`
  ADD CONSTRAINT `round_cards_ibfk_1` FOREIGN KEY (`round_id`) REFERENCES `game_rounds` (`id`) ON DELETE CASCADE,
  ADD CONSTRAINT `round_cards_ibfk_2` FOREIGN KEY (`player_id`) REFERENCES `room_players` (`id`) ON DELETE CASCADE,
  ADD CONSTRAINT `round_cards_ibfk_3` FOREIGN KEY (`card_id`) REFERENCES `cards` (`id`);
COMMIT;

/*!40101 SET CHARACTER_SET_CLIENT=@OLD_CHARACTER_SET_CLIENT */;
/*!40101 SET CHARACTER_SET_RESULTS=@OLD_CHARACTER_SET_RESULTS */;
/*!40101 SET COLLATION_CONNECTION=@OLD_COLLATION_CONNECTION */;
